pair_id,domain,condition,n_heads,heads,clean_ld,corrupted_ld,patched_ld,behavioral_gap,recovery
2,movie,L10H4,1,L10H4,1.0695114135742188,-0.5381088256835938,-0.0623626708984375,1.6076202392578125,0.29593192668735824
2,movie,L8H9,1,L8H9,1.0695114135742188,-0.5381088256835938,-0.43135833740234375,1.6076202392578125,0.06640280190210428
2,movie,L9H2,1,L9H2,1.0695114135742188,-0.5381088256835938,-0.23213958740234375,1.6076202392578125,0.19032432586349268
2,movie,L10H4 + L8H9,2,L10H4 + L8H9,1.0695114135742188,-0.5381088256835938,0.04871368408203125,1.6076202392578125,0.36502557969570126
2,movie,L10H4 + L9H2,2,L10H4 + L9H2,1.0695114135742188,-0.5381088256835938,0.31490325927734375,1.6076202392578125,0.5306054652277494
2,movie,L8H9 + L9H2,2,L8H9 + L9H2,1.0695114135742188,-0.5381088256835938,-0.102996826171875,1.6076202392578125,0.2706559602114715
2,movie,L10H4 + L8H9 + L9H2,3,L10H4 + L8H9 + L9H2,1.0695114135742188,-0.5381088256835938,0.44525909423828125,1.6076202392578125,0.6116916768700703
3,movie,L10H4,1,L10H4,1.0176162719726562,-0.01616668701171875,0.18094635009765625,1.033782958984375,0.19067158671586715
3,movie,L8H9,1,L8H9,1.0176162719726562,-0.01616668701171875,0.1753692626953125,1.033782958984375,0.18527675276752767
3,movie,L9H2,1,L9H2,1.0176162719726562,-0.01616668701171875,0.187591552734375,1.033782958984375,0.19709963099630998
3,movie,L10H4 + L8H9,2,L10H4 + L8H9,1.0176162719726562,-0.01616668701171875,0.3689727783203125,1.033782958984375,0.37255350553505534
3,movie,L10H4 + L9H2,2,L10H4 + L9H2,1.0176162719726562,-0.01616668701171875,0.4039459228515625,1.033782958984375,0.40638376383763836
3,movie,L8H9 + L9H2,2,L8H9 + L9H2,1.0176162719726562,-0.01616668701171875,0.38007354736328125,1.033782958984375,0.38329151291512914
3,movie,L10H4 + L8H9 + L9H2,3,L10H4 + L8H9 + L9H2,1.0176162719726562,-0.01616668701171875,0.588165283203125,1.033782958984375,0.5845830258302583
4,movie,L10H4,1,L10H4,1.1721267700195312,-0.171600341796875,0.2000732421875,1.3437271118164062,0.2765990063875089
4,movie,L8H9,1,L8H9,1.1721267700195312,-0.171600341796875,-0.04360198974609375,1.3437271118164062,0.09525621007806956
4,movie,L9H2,1,L9H2,1.1721267700195312,-0.171600341796875,0.121856689453125,1.3437271118164062,0.21839034776437188
4,movie,L10H4 + L8H9,2,L10H4 + L8H9,1.1721267700195312,-0.171600341796875,0.3333587646484375,1.3437271118164062,0.37578992193044713
4,movie,L10H4 + L9H2,2,L10H4 + L9H2,1.1721267700195312,-0.171600341796875,0.5391616821289062,1.3437271118164062,0.5289481902058197
4,movie,L8H9 + L9H2,2,L8H9 + L9H2,1.1721267700195312,-0.171600341796875,0.25682830810546875,1.3437271118164062,0.3188360539389638
4,movie,L10H4 + L8H9 + L9H2,3,L10H4 + L8H9 + L9H2,1.1721267700195312,-0.171600341796875,0.6733245849609375,1.3437271118164062,0.628792051100071
5,movie,L10H4,1,L10H4,0.8647003173828125,0.14643096923828125,0.26971435546875,0.7182693481445312,0.17163949227255829
5,movie,L8H9,1,L8H9,0.8647003173828125,0.14643096923828125,0.24272918701171875,0.7182693481445312,0.13406978596845293
5,movie,L9H2,1,L9H2,0.8647003173828125,0.14643096923828125,0.3499908447265625,0.7182693481445312,0.283403260927293
5,movie,L10H4 + L8H9,2,L10H4 + L8H9,0.8647003173828125,0.14643096923828125,0.36566162109375,0.7182693481445312,0.3052206702427107
5,movie,L10H4 + L9H2,2,L10H4 + L9H2,0.8647003173828125,0.14643096923828125,0.4761810302734375,0.7182693481445312,0.45908970205534017
5,movie,L8H9 + L9H2,2,L8H9 + L9H2,0.8647003173828125,0.14643096923828125,0.44019317626953125,0.7182693481445312,0.4089861384035265
5,movie,L10H4 + L8H9 + L9H2,3,L10H4 + L8H9 + L9H2,0.8647003173828125,0.14643096923828125,0.5651016235351562,0.7182693481445312,0.5828880981464761
6,movie,L10H4,1,L10H4,1.33782958984375,0.42436981201171875,0.6463470458984375,0.9134597778320312,0.24300712442265449
6,movie,L8H9,1,L8H9,1.33782958984375,0.42436981201171875,0.578094482421875,0.9134597778320312,0.1682883846018926
6,movie,L9H2,1,L9H2,1.33782958984375,0.42436981201171875,0.6567001342773438,0.9134597778320312,0.25434105354592457
6,movie,L10H4 + L8H9,2,L10H4 + L8H9,1.33782958984375,0.42436981201171875,0.7925338745117188,0.9134597778320312,0.40304353999448755
6,movie,L10H4 + L9H2,2,L10H4 + L9H2,1.33782958984375,0.42436981201171875,0.88824462890625,0.9134597778320312,0.50782183096827
6,movie,L8H9 + L9H2,2,L8H9 + L9H2,1.33782958984375,0.42436981201171875,0.8004379272460938,0.9134597778320312,0.4116964144025257
6,movie,L10H4 + L8H9 + L9H2,3,L10H4 + L8H9 + L9H2,1.33782958984375,0.42436981201171875,1.019989013671875,0.9134597778320312,0.652047540696072
7,movie,L10H4,1,L10H4,0.7145462036132812,-0.17333984375,0.02687835693359375,0.8878860473632812,0.22549988399769713
7,movie,L8H9,1,L8H9,0.7145462036132812,-0.17333984375,-0.0465545654296875,0.8878860473632812,0.14279453843972606
7,movie,L9H2,1,L9H2,0.7145462036132812,-0.17333984375,-0.07440948486328125,0.8878860473632812,0.1114223600883336
7,movie,L10H4 + L8H9,2,L10H4 + L8H9,0.7145462036132812,-0.17333984375,0.16136932373046875,0.8878860473632812,0.3769731132440259
7,movie,L10H4 + L9H2,2,L10H4 + L9H2,0.7145462036132812,-0.17333984375,0.1341705322265625,0.8878860473632812,0.34633991252567087
7,movie,L8H9 + L9H2,2,L8H9 + L9H2,0.7145462036132812,-0.17333984375,0.05518341064453125,0.8878860473632812,0.257379035376406
7,movie,L10H4 + L8H9 + L9H2,3,L10H4 + L8H9 + L9H2,0.7145462036132812,-0.17333984375,0.2719573974609375,0.8878860473632812,0.5015252154635366
9,movie,L10H4,1,L10H4,0.9612808227539062,-0.08667755126953125,0.01251220703125,1.0479583740234375,0.0946504754000495
9,movie,L8H9,1,L8H9,0.9612808227539062,-0.08667755126953125,0.123291015625,1.0479583740234375,0.20035964414158622
9,movie,L9H2,1,L9H2,0.9612808227539062,-0.08667755126953125,0.03203582763671875,1.0479583740234375,0.11328062435387819
9,movie,L10H4 + L8H9,2,L10H4 + L8H9,0.9612808227539062,-0.08667755126953125,0.2248077392578125,1.0479583740234375,0.2972305945048705
9,movie,L10H4 + L9H2,2,L10H4 + L9H2,0.9612808227539062,-0.08667755126953125,0.1331634521484375,1.0479583740234375,0.20978028218232647
9,movie,L8H9 + L9H2,2,L8H9 + L9H2,0.9612808227539062,-0.08667755126953125,0.2469482421875,1.0479583740234375,0.3183578677616156
9,movie,L10H4 + L8H9 + L9H2,3,L10H4 + L8H9 + L9H2,0.9612808227539062,-0.08667755126953125,0.35050201416015625,1.0479583740234375,0.4171726437484529
10,movie,L10H4,1,L10H4,1.1173248291015625,-0.10051727294921875,0.24256134033203125,1.2178421020507812,0.2817102584181676
10,movie,L8H9,1,L8H9,1.1173248291015625,-0.10051727294921875,0.0691070556640625,1.2178421020507812,0.13928269381362568
10,movie,L9H2,1,L9H2,1.1173248291015625,-0.10051727294921875,-0.0017547607421875,1.2178421020507812,0.08109631949882537
10,movie,L10H4 + L8H9,2,L10H4 + L8H9,1.1173248291015625,-0.10051727294921875,0.42303466796875,1.2178421020507812,0.4299013312451057
10,movie,L10H4 + L9H2,2,L10H4 + L9H2,1.1173248291015625,-0.10051727294921875,0.3510589599609375,1.2178421020507812,0.37080031323414253
10,movie,L8H9 + L9H2,2,L8H9 + L9H2,1.1173248291015625,-0.10051727294921875,0.16463470458984375,1.2178421020507812,0.21772278778386844
10,movie,L10H4 + L8H9 + L9H2,3,L10H4 + L8H9 + L9H2,1.1173248291015625,-0.10051727294921875,0.5276031494140625,1.2178421020507812,0.5157650743931088
11,movie,L10H4,1,L10H4,1.19085693359375,0.0048065185546875,0.2074737548828125,1.1860504150390625,0.1708757349251888
11,movie,L8H9,1,L8H9,1.19085693359375,0.0048065185546875,0.1945037841796875,1.1860504150390625,0.15994030542011348
11,movie,L9H2,1,L9H2,1.19085693359375,0.0048065185546875,0.2480316162109375,1.1860504150390625,0.20507146624811845
11,movie,L10H4 + L8H9,2,L10H4 + L8H9,1.19085693359375,0.0048065185546875,0.4074859619140625,1.1860504150390625,0.33951292310463277
11,movie,L10H4 + L9H2,2,L10H4 + L9H2,1.19085693359375,0.0048065185546875,0.46599578857421875,1.1860504150390625,0.3888445753837049
11,movie,L8H9 + L9H2,2,L8H9 + L9H2,1.19085693359375,0.0048065185546875,0.43450164794921875,1.1860504150390625,0.36229077950314553
11,movie,L10H4 + L8H9 + L9H2,3,L10H4 + L8H9 + L9H2,1.19085693359375,0.0048065185546875,0.6620330810546875,1.1860504150390625,0.5541303760501228
13,movie,L10H4,1,L10H4,0.9303741455078125,0.20587921142578125,0.44207000732421875,0.7244949340820312,0.32600751887617024
13,movie,L8H9,1,L8H9,0.9303741455078125,0.20587921142578125,0.362762451171875,0.7244949340820312,0.21654152757447795
13,movie,L9H2,1,L9H2,0.9303741455078125,0.20587921142578125,0.29972076416015625,0.7244949340820312,0.1295268583944988
13,movie,L10H4 + L8H9,2,L10H4 + L8H9,0.9303741455078125,0.20587921142578125,0.5972366333007812,0.7244949340820312,0.5401796526995293
13,movie,L10H4 + L9H2,2,L10H4 + L9H2,0.9303741455078125,0.20587921142578125,0.545135498046875,0.7244949340820312,0.4682659196933478
13,movie,L8H9 + L9H2,2,L8H9 + L9H2,0.9303741455078125,0.20587921142578125,0.45581817626953125,0.7244949340820312,0.344983730162909
13,movie,L10H4 + L8H9 + L9H2,3,L10H4 + L8H9 + L9H2,0.9303741455078125,0.20587921142578125,0.698455810546875,0.7244949340820312,0.6798896389043924
14,movie,L10H4,1,L10H4,0.9232177734375,0.32161712646484375,0.40410614013671875,0.6016006469726562,0.13711589920484954
14,movie,L8H9,1,L8H9,0.9232177734375,0.32161712646484375,0.4228363037109375,0.6016006469726562,0.1682497812385071
14,movie,L9H2,1,L9H2,0.9232177734375,0.32161712646484375,0.459686279296875,0.6016006469726562,0.22950299925177228
14,movie,L10H4 + L8H9,2,L10H4 + L8H9,0.9232177734375,0.32161712646484375,0.5054779052734375,0.6016006469726562,0.3056193169568691
14,movie,L10H4 + L9H2,2,L10H4 + L9H2,0.9232177734375,0.32161712646484375,0.541900634765625,0.6016006469726562,0.36616235273229936
14,movie,L8H9 + L9H2,2,L8H9 + L9H2,0.9232177734375,0.32161712646484375,0.5608062744140625,0.6016006469726562,0.39758791675649624
14,movie,L10H4 + L8H9 + L9H2,3,L10H4 + L8H9 + L9H2,0.9232177734375,0.32161712646484375,0.6431427001953125,0.6016006469726562,0.5344501794478334
21,movie,L10H4,1,L10H4,1.05902099609375,-0.078216552734375,0.188323974609375,1.137237548828125,0.23437541929424394
21,movie,L8H9,1,L8H9,1.05902099609375,-0.078216552734375,0.0120391845703125,1.137237548828125,0.07936401449080907
21,movie,L9H2,1,L9H2,1.05902099609375,-0.078216552734375,0.23162841796875,1.137237548828125,0.2724540453508654
21,movie,L10H4 + L8H9,2,L10H4 + L8H9,1.05902099609375,-0.078216552734375,0.2730865478515625,1.137237548828125,0.3089091640949953
21,movie,L10H4 + L9H2,2,L10H4 + L9H2,1.05902099609375,-0.078216552734375,0.5086822509765625,1.137237548828125,0.5160740641352476
21,movie,L8H9 + L9H2,2,L8H9 + L9H2,1.05902099609375,-0.078216552734375,0.325042724609375,1.137237548828125,0.35459546491345767
21,movie,L10H4 + L8H9 + L9H2,3,L10H4 + L8H9 + L9H2,1.05902099609375,-0.078216552734375,0.59503173828125,1.137237548828125,0.5920032201797933
23,movie,L10H4,1,L10H4,0.9166259765625,0.13484954833984375,0.3433380126953125,0.7817764282226562,0.2666855341615513
23,movie,L8H9,1,L8H9,0.9166259765625,0.13484954833984375,0.27475738525390625,0.7817764282226562,0.1789614419970918
23,movie,L9H2,1,L9H2,0.9166259765625,0.13484954833984375,0.26093292236328125,0.7817764282226562,0.16127804506728866
23,movie,L10H4 + L8H9,2,L10H4 + L8H9,0.9166259765625,0.13484954833984375,0.490692138671875,0.7817764282226562,0.45517180805902274
23,movie,L10H4 + L9H2,2,L10H4 + L9H2,0.9166259765625,0.13484954833984375,0.47126007080078125,0.7817764282226562,0.4303155100567001
23,movie,L8H9 + L9H2,2,L8H9 + L9H2,0.9166259765625,0.13484954833984375,0.4055328369140625,0.7817764282226562,0.346241302247509
23,movie,L10H4 + L8H9 + L9H2,3,L10H4 + L8H9 + L9H2,0.9166259765625,0.13484954833984375,0.6231689453125,0.7817764282226562,0.6246279362538915
24,movie,L10H4,1,L10H4,1.2899627685546875,0.77703857421875,0.87652587890625,0.5129241943359375,0.19396102930239476
24,movie,L8H9,1,L8H9,1.2899627685546875,0.77703857421875,0.84979248046875,0.5129241943359375,0.14184143983340772
24,movie,L9H2,1,L9H2,1.2899627685546875,0.77703857421875,0.8472442626953125,0.5129241943359375,0.1368734196043433
24,movie,L10H4 + L8H9,2,L10H4 + L8H9,1.2899627685546875,0.77703857421875,0.9471511840820312,0.5129241943359375,0.3316525360702067
24,movie,L10H4 + L9H2,2,L10H4 + L9H2,1.2899627685546875,0.77703857421875,0.94464111328125,0.5129241943359375,0.3267588874014577
24,movie,L8H9 + L9H2,2,L8H9 + L9H2,1.2899627685546875,0.77703857421875,0.9169235229492188,0.5129241943359375,0.272720511676335
24,movie,L10H4 + L8H9 + L9H2,3,L10H4 + L8H9 + L9H2,1.2899627685546875,0.77703857421875,1.01239013671875,0.5129241943359375,0.45884277852149336
25,movie,L10H4,1,L10H4,0.9496307373046875,0.02313232421875,0.15038299560546875,0.9264984130859375,0.13734580609035063
25,movie,L8H9,1,L8H9,0.9496307373046875,0.02313232421875,0.1436767578125,0.9264984130859375,0.13010754459065532
25,movie,L9H2,1,L9H2,0.9496307373046875,0.02313232421875,0.1648712158203125,0.9264984130859375,0.15298341540539206
25,movie,L10H4 + L8H9,2,L10H4 + L8H9,0.9496307373046875,0.02313232421875,0.27178192138671875,0.9264984130859375,0.26837563200974984
25,movie,L10H4 + L9H2,2,L10H4 + L9H2,0.9496307373046875,0.02313232421875,0.296234130859375,0.9264984130859375,0.29476770039032263
25,movie,L8H9 + L9H2,2,L8H9 + L9H2,0.9496307373046875,0.02313232421875,0.2917327880859375,0.9264984130859375,0.28990925410497537
25,movie,L10H4 + L8H9 + L9H2,3,L10H4 + L8H9 + L9H2,0.9496307373046875,0.02313232421875,0.423553466796875,0.9264984130859375,0.4321876183731616
28,restaurant,L10H4,1,L10H4,1.656524658203125,0.8317947387695312,0.9811859130859375,0.8247299194335938,0.18113951100380207
28,restaurant,L8H9,1,L8H9,1.656524658203125,0.8317947387695312,0.9555435180664062,0.8247299194335938,0.15004764151379754
28,restaurant,L9H2,1,L9H2,1.656524658203125,0.8317947387695312,1.0439605712890625,0.8247299194335938,0.257254923727324
28,restaurant,L10H4 + L8H9,2,L10H4 + L8H9,1.656524658203125,0.8317947387695312,1.1020050048828125,0.8247299194335938,0.3276348532363852
28,restaurant,L10H4 + L9H2,2,L10H4 + L9H2,1.656524658203125,0.8317947387695312,1.1868515014648438,0.8247299194335938,0.4305127707009316
28,restaurant,L8H9 + L9H2,2,L8H9 + L9H2,1.656524658203125,0.8317947387695312,1.1571502685546875,0.8247299194335938,0.3944994865817445
28,restaurant,L10H4 + L8H9 + L9H2,3,L10H4 + L8H9 + L9H2,1.656524658203125,0.8317947387695312,1.2966995239257812,0.8247299194335938,0.5637054921877168
29,restaurant,L10H4,1,L10H4,1.3664169311523438,0.6090621948242188,0.7368316650390625,0.757354736328125,0.16870492001450618
29,restaurant,L8H9,1,L8H9,1.3664169311523438,0.6090621948242188,0.7466964721679688,0.757354736328125,0.18173026554378047
29,restaurant,L9H2,1,L9H2,1.3664169311523438,0.6090621948242188,0.8316192626953125,0.757354736328125,0.29386106298102105
29,restaurant,L10H4 + L8H9,2,L10H4 + L8H9,1.3664169311523438,0.6090621948242188,0.8703460693359375,0.757354736328125,0.34499536607970344
29,restaurant,L10H4 + L9H2,2,L10H4 + L9H2,1.3664169311523438,0.6090621948242188,0.9587783813476562,0.757354736328125,0.4617600838135149
29,restaurant,L8H9 + L9H2,2,L8H9 + L9H2,1.3664169311523438,0.6090621948242188,0.9553604125976562,0.757354736328125,0.4572470483942459
29,restaurant,L10H4 + L8H9 + L9H2,3,L10H4 + L8H9 + L9H2,1.3664169311523438,0.6090621948242188,1.0773162841796875,0.757354736328125,0.6182757787000847
30,restaurant,L10H4,1,L10H4,1.1209259033203125,0.41695404052734375,0.5516510009765625,0.7039718627929688,0.19133855707643788
30,restaurant,L8H9,1,L8H9,1.1209259033203125,0.41695404052734375,0.5985641479492188,0.7039718627929688,0.25797921340399477
30,restaurant,L9H2,1,L9H2,1.1209259033203125,0.41695404052734375,0.5949325561523438,0.7039718627929688,0.2528204961472185
30,restaurant,L10H4 + L8H9,2,L10H4 + L8H9,1.1209259033203125,0.41695404052734375,0.731414794921875,0.7039718627929688,0.44669506128686154
30,restaurant,L10H4 + L9H2,2,L10H4 + L9H2,1.1209259033203125,0.41695404052734375,0.7293243408203125,0.7039718627929688,0.4437255475718265
30,restaurant,L8H9 + L9H2,2,L8H9 + L9H2,1.1209259033203125,0.41695404052734375,0.771697998046875,0.7039718627929688,0.5039178073284131
30,restaurant,L10H4 + L8H9 + L9H2,3,L10H4 + L8H9 + L9H2,1.1209259033203125,0.41695404052734375,0.9037017822265625,0.7039718627929688,0.6914306770274518
31,restaurant,L10H4,1,L10H4,1.3794479370117188,0.48380279541015625,0.5439071655273438,0.8956451416015625,0.0671073479053444
31,restaurant,L8H9,1,L8H9,1.3794479370117188,0.48380279541015625,0.6300277709960938,0.8956451416015625,0.16326217694260353
31,restaurant,L9H2,1,L9H2,1.3794479370117188,0.48380279541015625,0.5522613525390625,0.8956451416015625,0.07643491149462493
31,restaurant,L10H4 + L8H9,2,L10H4 + L8H9,1.3794479370117188,0.48380279541015625,0.6875381469726562,0.8956451416015625,0.22747329505766906
31,restaurant,L10H4 + L9H2,2,L10H4 + L9H2,1.3794479370117188,0.48380279541015625,0.6115798950195312,0.8956451416015625,0.1426648721399731
31,restaurant,L8H9 + L9H2,2,L8H9 + L9H2,1.3794479370117188,0.48380279541015625,0.7025222778320312,0.8956451416015625,0.24420328125798593
31,restaurant,L10H4 + L8H9 + L9H2,3,L10H4 + L8H9 + L9H2,1.3794479370117188,0.48380279541015625,0.7589340209960938,0.8956451416015625,0.3071877608736392
35,restaurant,L10H4,1,L10H4,1.16143798828125,0.423065185546875,0.5296707153320312,0.738372802734375,0.14437900392643108
35,restaurant,L8H9,1,L8H9,1.16143798828125,0.423065185546875,0.5347900390625,0.738372802734375,0.15131225459805744
35,restaurant,L9H2,1,L9H2,1.16143798828125,0.423065185546875,0.4784698486328125,0.738372802734375,0.07503616449679686
35,restaurant,L10H4 + L8H9,2,L10H4 + L8H9,1.16143798828125,0.423065185546875,0.639556884765625,0.738372802734375,0.2932010746021905
35,restaurant,L10H4 + L9H2,2,L10H4 + L9H2,1.16143798828125,0.423065185546875,0.5846710205078125,0.738372802734375,0.2188675346145898
35,restaurant,L8H9 + L9H2,2,L8H9 + L9H2,1.16143798828125,0.423065185546875,0.59234619140625,0.738372802734375,0.22926224426534408
35,restaurant,L10H4 + L8H9 + L9H2,3,L10H4 + L8H9 + L9H2,1.16143798828125,0.423065185546875,0.6965866088867188,0.738372802734375,0.3704381070469105
36,restaurant,L10H4,1,L10H4,1.6528778076171875,0.9109039306640625,1.1332855224609375,0.741973876953125,0.29971620120922965
36,restaurant,L8H9,1,L8H9,1.6528778076171875,0.9109039306640625,1.0717697143554688,0.741973876953125,0.21680788055772632
36,restaurant,L9H2,1,L9H2,1.6528778076171875,0.9109039306640625,1.0959091186523438,0.741973876953125,0.249341915847489
36,restaurant,L10H4 + L8H9,2,L10H4 + L8H9,1.6528778076171875,0.9109039306640625,1.2889556884765625,0.741973876953125,0.5095216550816436
36,restaurant,L10H4 + L9H2,2,L10H4 + L9H2,1.6528778076171875,0.9109039306640625,1.3147811889648438,0.741973876953125,0.5443281372105458
36,restaurant,L8H9 + L9H2,2,L8H9 + L9H2,1.6528778076171875,0.9109039306640625,1.2435531616210938,0.741973876953125,0.44833011146300333
36,restaurant,L10H4 + L8H9 + L9H2,3,L10H4 + L8H9 + L9H2,1.6528778076171875,0.9109039306640625,1.4563674926757812,0.741973876953125,0.7351519763089706
38,restaurant,L10H4,1,L10H4,1.1116714477539062,0.00080108642578125,0.30332183837890625,1.110870361328125,0.2723276833054037
38,restaurant,L8H9,1,L8H9,1.1116714477539062,0.00080108642578125,0.10272216796875,1.110870361328125,0.09174885305348754
38,restaurant,L9H2,1,L9H2,1.1116714477539062,0.00080108642578125,0.20538330078125,1.110870361328125,0.18416389659624735
38,restaurant,L10H4 + L8H9,2,L10H4 + L8H9,1.1116714477539062,0.00080108642578125,0.408660888671875,1.110870361328125,0.3671533749072828
38,restaurant,L10H4 + L9H2,2,L10H4 + L9H2,1.1116714477539062,0.00080108642578125,0.5170822143554688,1.110870361328125,0.4647537155572649
38,restaurant,L8H9 + L9H2,2,L8H9 + L9H2,1.1116714477539062,0.00080108642578125,0.31259918212890625,1.110870361328125,0.2806791022224664
38,restaurant,L10H4 + L8H9 + L9H2,3,L10H4 + L8H9 + L9H2,1.1116714477539062,0.00080108642578125,0.62652587890625,1.110870361328125,0.5632743605944892
39,restaurant,L10H4,1,L10H4,1.2552947998046875,0.7666397094726562,0.8155288696289062,0.48865509033203125,0.10004840044341051
39,restaurant,L8H9,1,L8H9,1.2552947998046875,0.7666397094726562,0.9054412841796875,0.48865509033203125,0.2840481506346703
39,restaurant,L9H2,1,L9H2,1.2552947998046875,0.7666397094726562,0.8134307861328125,0.48865509033203125,0.0957548127215101
39,restaurant,L10H4 + L8H9,2,L10H4 + L8H9,1.2552947998046875,0.7666397094726562,0.94989013671875,0.48865509033203125,0.3750097581539134
39,restaurant,L10H4 + L9H2,2,L10H4 + L9H2,1.2552947998046875,0.7666397094726562,0.8611373901367188,0.48865509033203125,0.1933831909943949
39,restaurant,L8H9 + L9H2,2,L8H9 + L9H2,1.2552947998046875,0.7666397094726562,0.9510726928710938,0.48865509033203125,0.3774297803244391
39,restaurant,L10H4 + L8H9 + L9H2,3,L10H4 + L8H9 + L9H2,1.2552947998046875,0.7666397094726562,0.9940643310546875,0.48865509033203125,0.46540929600774406
40,restaurant,L10H4,1,L10H4,1.124298095703125,0.61083984375,0.7202682495117188,0.513458251953125,0.21312035661218426
40,restaurant,L8H9,1,L8H9,1.124298095703125,0.61083984375,0.7441864013671875,0.513458251953125,0.259702823179792
40,restaurant,L9H2,1,L9H2,1.124298095703125,0.61083984375,0.69891357421875,0.513458251953125,0.17153046062407132
40,restaurant,L10H4 + L8H9,2,L10H4 + L8H9,1.124298095703125,0.61083984375,0.8489303588867188,0.513458251953125,0.46369985141158987
40,restaurant,L10H4 + L9H2,2,L10H4 + L9H2,1.124298095703125,0.61083984375,0.8076934814453125,0.513458251953125,0.38338781575037145
40,restaurant,L8H9 + L9H2,2,L8H9 + L9H2,1.124298095703125,0.61083984375,0.8305816650390625,0.513458251953125,0.427964338781575
40,restaurant,L10H4 + L8H9 + L9H2,3,L10H4 + L8H9 + L9H2,1.124298095703125,0.61083984375,0.9345855712890625,0.513458251953125,0.630520059435364
43,software,L10H4,1,L10H4,1.1728744506835938,0.3544464111328125,0.48116302490234375,0.8184280395507812,0.1548292673832185
43,software,L8H9,1,L8H9,1.1728744506835938,0.3544464111328125,0.477447509765625,0.8184280395507812,0.15028944841665656
43,software,L9H2,1,L9H2,1.1728744506835938,0.3544464111328125,0.4426727294921875,0.8184280395507812,0.10779972593290017
43,software,L10H4 + L8H9,2,L10H4 + L8H9,1.1728744506835938,0.3544464111328125,0.6013031005859375,0.8184280395507812,0.3016229619755204
43,software,L10H4 + L9H2,2,L10H4 + L9H2,1.1728744506835938,0.3544464111328125,0.5679702758789062,0.8184280395507812,0.2608950994192388
43,software,L8H9 + L9H2,2,L8H9 + L9H2,1.1728744506835938,0.3544464111328125,0.5631484985351562,0.8184280395507812,0.25500358897392633
43,software,L10H4 + L8H9 + L9H2,3,L10H4 + L8H9 + L9H2,1.1728744506835938,0.3544464111328125,0.68524169921875,0.8184280395507812,0.40418371817698767
44,software,L10H4,1,L10H4,1.087127685546875,0.04986572265625,0.1077880859375,1.037261962890625,0.05584159581040925
44,software,L8H9,1,L8H9,1.087127685546875,0.04986572265625,0.194427490234375,1.037261962890625,0.13936861925917207
44,software,L9H2,1,L9H2,1.087127685546875,0.04986572265625,0.133636474609375,1.037261962890625,0.08076142281326311
44,software,L10H4 + L8H9,2,L10H4 + L8H9,1.087127685546875,0.04986572265625,0.2496490478515625,1.037261962890625,0.1926064314925417
44,software,L10H4 + L9H2,2,L10H4 + L9H2,1.087127685546875,0.04986572265625,0.18988800048828125,1.037261962890625,0.13499220335991055
44,software,L8H9 + L9H2,2,L8H9 + L9H2,1.087127685546875,0.04986572265625,0.27569580078125,1.037261962890625,0.21771749683721203
44,software,L10H4 + L8H9 + L9H2,3,L10H4 + L8H9 + L9H2,1.087127685546875,0.04986572265625,0.32915496826171875,1.037261962890625,0.2692562299567507
45,software,L10H4,1,L10H4,1.359283447265625,0.02471160888671875,0.3205108642578125,1.3345718383789062,0.22164356152636844
45,software,L8H9,1,L8H9,1.359283447265625,0.02471160888671875,0.14389801025390625,1.3345718383789062,0.0893068457910533
45,software,L9H2,1,L9H2,1.359283447265625,0.02471160888671875,0.186279296875,1.3345718383789062,0.12106331284836358
45,software,L10H4 + L8H9,2,L10H4 + L8H9,1.359283447265625,0.02471160888671875,0.44423675537109375,1.3345718383789062,0.31435186508503643
45,software,L10H4 + L9H2,2,L10H4 + L9H2,1.359283447265625,0.02471160888671875,0.483428955078125,1.3345718383789062,0.3437187366014006
45,software,L8H9 + L9H2,2,L8H9 + L9H2,1.359283447265625,0.02471160888671875,0.302490234375,1.3345718383789062,0.2081406316992997
45,software,L10H4 + L8H9 + L9H2,3,L10H4 + L8H9 + L9H2,1.359283447265625,0.02471160888671875,0.6038894653320312,1.3345718383789062,0.4339802772616836
46,software,L10H4,1,L10H4,0.967254638671875,0.46288299560546875,0.4827423095703125,0.5043716430664062,0.03937436657641168
46,software,L8H9,1,L8H9,0.967254638671875,0.46288299560546875,0.5719146728515625,0.5043716430664062,0.21617328956722986
46,software,L9H2,1,L9H2,0.967254638671875,0.46288299560546875,0.4864959716796875,0.5043716430664062,0.04681662103495742
46,software,L10H4 + L8H9,2,L10H4 + L8H9,0.967254638671875,0.46288299560546875,0.5887374877929688,0.5043716430664062,0.24952729582961472
46,software,L10H4 + L9H2,2,L10H4 + L9H2,0.967254638671875,0.46288299560546875,0.5055923461914062,0.5043716430664062,0.08467833426613623
46,software,L8H9 + L9H2,2,L8H9 + L9H2,0.967254638671875,0.46288299560546875,0.5937576293945312,0.5043716430664062,0.25948055484124705
46,software,L10H4 + L8H9 + L9H2,3,L10H4 + L8H9 + L9H2,0.967254638671875,0.46288299560546875,0.6096038818359375,0.5043716430664062,0.2908983648217338
47,software,L10H4,1,L10H4,1.1142425537109375,0.13669586181640625,0.32877349853515625,0.9775466918945312,0.19648947545052253
47,software,L8H9,1,L8H9,1.1142425537109375,0.13669586181640625,0.3317718505859375,0.9775466918945312,0.19955669676653998
47,software,L9H2,1,L9H2,1.1142425537109375,0.13669586181640625,0.26025390625,0.9775466918945312,0.12639605397685144
47,software,L10H4 + L8H9,2,L10H4 + L8H9,1.1142425537109375,0.13669586181640625,0.5281143188476562,0.9775466918945312,0.4004089628421357
47,software,L10H4 + L9H2,2,L10H4 + L9H2,1.1142425537109375,0.13669586181640625,0.45552825927734375,0.9775466918945312,0.3261556712375809
47,software,L8H9 + L9H2,2,L8H9 + L9H2,1.1142425537109375,0.13669586181640625,0.4532318115234375,0.9775466918945312,0.3238064762856184
47,software,L10H4 + L8H9 + L9H2,3,L10H4 + L8H9 + L9H2,1.1142425537109375,0.13669586181640625,0.6513290405273438,0.9775466918945312,0.5264538082713516
48,software,L10H4,1,L10H4,1.4407501220703125,0.4945068359375,0.5768890380859375,0.9462432861328125,0.08706239014400206
48,software,L8H9,1,L8H9,1.4407501220703125,0.4945068359375,0.5940628051757812,0.9462432861328125,0.10521181042684598
48,software,L9H2,1,L9H2,1.4407501220703125,0.4945068359375,0.5882568359375,0.9462432861328125,0.09907600019350782
48,software,L10H4 + L8H9,2,L10H4 + L8H9,1.4407501220703125,0.4945068359375,0.673736572265625,0.9462432861328125,0.18941189750536178
48,software,L10H4 + L9H2,2,L10H4 + L9H2,1.4407501220703125,0.4945068359375,0.670318603515625,0.9462432861328125,0.18579975166497348
48,software,L8H9 + L9H2,2,L8H9 + L9H2,1.4407501220703125,0.4945068359375,0.6849212646484375,0.9462432861328125,0.20123199974198958
48,software,L10H4 + L8H9 + L9H2,3,L10H4 + L8H9 + L9H2,1.4407501220703125,0.4945068359375,0.7643051147460938,0.9462432861328125,0.2851256994501153
49,software,L10H4,1,L10H4,1.2866058349609375,0.5055389404296875,0.6222610473632812,0.78106689453125,0.1494393217160272
49,software,L8H9,1,L8H9,1.2866058349609375,0.5055389404296875,0.6511001586914062,0.78106689453125,0.18636203797765102
49,software,L9H2,1,L9H2,1.2866058349609375,0.5055389404296875,0.5548019409179688,0.78106689453125,0.06307142298976323
49,software,L10H4 + L8H9,2,L10H4 + L8H9,1.2866058349609375,0.5055389404296875,0.7673873901367188,0.78106689453125,0.33524458857544737
49,software,L10H4 + L9H2,2,L10H4 + L9H2,1.2866058349609375,0.5055389404296875,0.6710968017578125,0.78106689453125,0.21196374150191452
49,software,L8H9 + L9H2,2,L8H9 + L9H2,1.2866058349609375,0.5055389404296875,0.701263427734375,0.78106689453125,0.25058607486129564
49,software,L10H4 + L8H9 + L9H2,3,L10H4 + L8H9 + L9H2,1.2866058349609375,0.5055389404296875,0.8168792724609375,0.78106689453125,0.3986090489958584
51,software,L10H4,1,L10H4,1.6097259521484375,0.743865966796875,0.8737411499023438,0.8658599853515625,0.14999559432549123
51,software,L8H9,1,L8H9,1.6097259521484375,0.743865966796875,0.8284683227539062,0.8658599853515625,0.09770904925544101
51,software,L9H2,1,L9H2,1.6097259521484375,0.743865966796875,0.8548583984375,0.8658599853515625,0.12818750550709312
51,software,L10H4 + L8H9,2,L10H4 + L8H9,1.6097259521484375,0.743865966796875,0.955902099609375,0.8658599853515625,0.24488501189532116
51,software,L10H4 + L9H2,2,L10H4 + L9H2,1.6097259521484375,0.743865966796875,0.9829864501953125,0.8658599853515625,0.27616530090756897
51,software,L8H9 + L9H2,2,L8H9 + L9H2,1.6097259521484375,0.743865966796875,0.936431884765625,0.8658599853515625,0.2223984492025729
51,software,L10H4 + L8H9 + L9H2,3,L10H4 + L8H9 + L9H2,1.6097259521484375,0.743865966796875,1.0618896484375,0.8658599853515625,0.36729227244691165
53,software,L10H4,1,L10H4,1.0055999755859375,0.26502227783203125,0.388824462890625,0.7405776977539062,0.16716974523277256
53,software,L8H9,1,L8H9,1.0055999755859375,0.26502227783203125,0.3677825927734375,0.7405776977539062,0.13875696669379514
53,software,L9H2,1,L9H2,1.0055999755859375,0.26502227783203125,0.34296417236328125,0.7405776977539062,0.10524472282603096
53,software,L10H4 + L8H9,2,L10H4 + L8H9,1.0055999755859375,0.26502227783203125,0.49160003662109375,0.7405776977539062,0.30594731582688606
53,software,L10H4 + L9H2,2,L10H4 + L9H2,1.0055999755859375,0.26502227783203125,0.4656524658203125,0.7405776977539062,0.27091038333556544
53,software,L8H9 + L9H2,2,L8H9 + L9H2,1.0055999755859375,0.26502227783203125,0.44329833984375,0.7405776977539062,0.24072566936921158
53,software,L10H4 + L8H9 + L9H2,3,L10H4 + L8H9 + L9H2,1.0055999755859375,0.26502227783203125,0.5658111572265625,0.7405776977539062,0.4061543850250853
56,product,L10H4,1,L10H4,1.4049301147460938,0.447723388671875,0.759368896484375,0.9572067260742188,0.32557805886994573
56,product,L8H9,1,L8H9,1.4049301147460938,0.447723388671875,0.5765762329101562,0.9572067260742188,0.13461339199604663
56,product,L9H2,1,L9H2,1.4049301147460938,0.447723388671875,0.7425765991210938,0.9572067260742188,0.3080350382184389
56,product,L10H4 + L8H9,2,L10H4 + L8H9,1.4049301147460938,0.447723388671875,0.8815383911132812,0.9572067260742188,0.45320931270573794
56,product,L10H4 + L9H2,2,L10H4 + L9H2,1.4049301147460938,0.447723388671875,1.0536270141601562,0.9572067260742188,0.6329913998549374
56,product,L8H9 + L9H2,2,L8H9 + L9H2,1.4049301147460938,0.447723388671875,0.8641510009765625,0.9572067260742188,0.43504459482078384
56,product,L10H4 + L8H9 + L9H2,3,L10H4 + L8H9 + L9H2,1.4049301147460938,0.447723388671875,1.16375732421875,0.9572067260742188,0.7480452404294493
57,product,L10H4,1,L10H4,1.47088623046875,0.5699996948242188,0.6605453491210938,0.9008865356445312,0.10050727890177082
57,product,L8H9,1,L8H9,1.47088623046875,0.5699996948242188,0.6750564575195312,0.9008865356445312,0.11661486606651367
57,product,L9H2,1,L9H2,1.47088623046875,0.5699996948242188,0.6680450439453125,0.9008865356445312,0.10883207289911162
57,product,L10H4 + L8H9,2,L10H4 + L8H9,1.47088623046875,0.5699996948242188,0.7616195678710938,0.9008865356445312,0.21270145069909638
57,product,L10H4 + L9H2,2,L10H4 + L9H2,1.47088623046875,0.5699996948242188,0.7570648193359375,0.9008865356445312,0.20764559920732378
57,product,L8H9 + L9H2,2,L8H9 + L9H2,1.47088623046875,0.5699996948242188,0.7691421508789062,0.9008865356445312,0.22105165098534058
57,product,L10H4 + L8H9 + L9H2,3,L10H4 + L8H9 + L9H2,1.47088623046875,0.5699996948242188,0.8539657592773438,0.9008865356445312,0.3152073576612664
59,product,L10H4,1,L10H4,1.082061767578125,0.139556884765625,0.2171783447265625,0.9425048828125,0.08235656003108406
59,product,L8H9,1,L8H9,1.082061767578125,0.139556884765625,0.265228271484375,0.9425048828125,0.13333765056339852
59,product,L9H2,1,L9H2,1.082061767578125,0.139556884765625,0.2737579345703125,0.9425048828125,0.14238764408755342
59,product,L10H4 + L8H9,2,L10H4 + L8H9,1.082061767578125,0.139556884765625,0.34143829345703125,0.9425048828125,0.21419667141561974
59,product,L10H4 + L9H2,2,L10H4 + L9H2,1.082061767578125,0.139556884765625,0.349884033203125,0.9425048828125,0.2231576220696801
59,product,L8H9 + L9H2,2,L8H9 + L9H2,1.082061767578125,0.139556884765625,0.39725494384765625,0.9425048828125,0.27341827483486597
59,product,L10H4 + L8H9 + L9H2,3,L10H4 + L8H9 + L9H2,1.082061767578125,0.139556884765625,0.4717559814453125,0.9425048828125,0.3524640590597073
60,product,L10H4,1,L10H4,0.957855224609375,0.2159271240234375,0.32320404052734375,0.7419281005859375,0.1445920654834132
60,product,L8H9,1,L8H9,0.957855224609375,0.2159271240234375,0.3384857177734375,0.7419281005859375,0.1651893136992781
60,product,L9H2,1,L9H2,0.957855224609375,0.2159271240234375,0.30861663818359375,0.7419281005859375,0.12493058840466446
60,product,L10H4 + L8H9,2,L10H4 + L8H9,0.957855224609375,0.2159271240234375,0.4449005126953125,0.7419281005859375,0.3086193776607778
60,product,L10H4 + L9H2,2,L10H4 + L9H2,0.957855224609375,0.2159271240234375,0.4165802001953125,0.7419281005859375,0.2704481418258849
60,product,L8H9 + L9H2,2,L8H9 + L9H2,0.957855224609375,0.2159271240234375,0.42833709716796875,0.7419281005859375,0.2862945519610061
60,product,L10H4 + L8H9 + L9H2,3,L10H4 + L8H9 + L9H2,0.957855224609375,0.2159271240234375,0.535064697265625,0.7419281005859375,0.43014622709417355
62,product,L10H4,1,L10H4,1.2118072509765625,0.2650909423828125,0.36740875244140625,0.94671630859375,0.10807652633614855
62,product,L8H9,1,L8H9,1.2118072509765625,0.2650909423828125,0.4235992431640625,0.94671630859375,0.16742956611437046
62,product,L9H2,1,L9H2,1.2118072509765625,0.2650909423828125,0.36574554443359375,0.94671630859375,0.10631970859390111
62,product,L10H4 + L8H9,2,L10H4 + L8H9,1.2118072509765625,0.2650909423828125,0.522705078125,0.94671630859375,0.2721133389207659
62,product,L10H4 + L9H2,2,L10H4 + L9H2,1.2118072509765625,0.2650909423828125,0.46673583984375,0.94671630859375,0.2129940042550448
62,product,L8H9 + L9H2,2,L8H9 + L9H2,1.2118072509765625,0.2650909423828125,0.524444580078125,0.94671630859375,0.2739507446328412
62,product,L10H4 + L8H9 + L9H2,3,L10H4 + L8H9 + L9H2,1.2118072509765625,0.2650909423828125,0.622039794921875,0.94671630859375,0.37703887563664495
65,product,L10H4,1,L10H4,1.6421585083007812,1.0647048950195312,1.137908935546875,0.57745361328125,0.12677042595920093
65,product,L8H9,1,L8H9,1.6421585083007812,1.0647048950195312,1.1417083740234375,0.57745361328125,0.13335006870309693
65,product,L9H2,1,L9H2,1.6421585083007812,1.0647048950195312,1.1504745483398438,0.57745361328125,0.1485308106965437
65,product,L10H4 + L8H9,2,L10H4 + L8H9,1.6421585083007812,1.0647048950195312,1.2126617431640625,0.57745361328125,0.256222915125251
65,product,L10H4 + L9H2,2,L10H4 + L9H2,1.6421585083007812,1.0647048950195312,1.2215499877929688,0.57745361328125,0.27161505126308
65,product,L8H9 + L9H2,2,L8H9 + L9H2,1.6421585083007812,1.0647048950195312,1.2258148193359375,0.57745361328125,0.27900063418243315
65,product,L10H4 + L8H9 + L9H2,3,L10H4 + L8H9 + L9H2,1.6421585083007812,1.0647048950195312,1.2945175170898438,0.57745361328125,0.39797590106754044
67,product,L10H4,1,L10H4,1.5984039306640625,0.8102493286132812,1.0558547973632812,0.7881546020507812,0.31162092831905525
67,product,L8H9,1,L8H9,1.5984039306640625,0.8102493286132812,0.9341812133789062,0.7881546020507812,0.15724311504767435
67,product,L9H2,1,L9H2,1.5984039306640625,0.8102493286132812,0.9407958984375,0.7881546020507812,0.16563573883161511
67,product,L10H4 + L8H9,2,L10H4 + L8H9,1.5984039306640625,0.8102493286132812,1.1747360229492188,0.7881546020507812,0.4624558346643434
67,product,L10H4 + L9H2,2,L10H4 + L9H2,1.5984039306640625,0.8102493286132812,1.1807174682617188,0.7881546020507812,0.4700450123420938
67,product,L8H9 + L9H2,2,L8H9 + L9H2,1.5984039306640625,0.8102493286132812,1.05810546875,0.7881546020507812,0.31447655002178015
67,product,L10H4 + L8H9 + L9H2,3,L10H4 + L8H9 + L9H2,1.5984039306640625,0.8102493286132812,1.293121337890625,0.7881546020507812,0.6126615362276754
68,product,L10H4,1,L10H4,1.4078750610351562,1.2732315063476562,1.3208847045898438,0.1346435546875,0.35392112420670896
68,product,L8H9,1,L8H9,1.4078750610351562,1.2732315063476562,1.3474273681640625,0.1346435546875,0.5510539437896645
68,product,L9H2,1,L9H2,1.4078750610351562,1.2732315063476562,1.3975296020507812,0.1346435546875,0.9231640979147778
68,product,L10H4 + L8H9,2,L10H4 + L8H9,1.4078750610351562,1.2732315063476562,1.3932571411132812,0.1346435546875,0.8914324569356301
68,product,L10H4 + L9H2,2,L10H4 + L9H2,1.4078750610351562,1.2732315063476562,1.441009521484375,0.1346435546875,1.246090208522212
68,product,L8H9 + L9H2,2,L8H9 + L9H2,1.4078750610351562,1.2732315063476562,1.4780502319335938,0.1346435546875,1.5211922030825022
68,product,L10H4 + L8H9 + L9H2,3,L10H4 + L8H9 + L9H2,1.4078750610351562,1.2732315063476562,1.5193405151367188,0.1346435546875,1.8278558476881233
69,product,L10H4,1,L10H4,1.3504257202148438,0.660003662109375,0.7698745727539062,0.6904220581054688,0.15913586385988177
69,product,L8H9,1,L8H9,1.3504257202148438,0.660003662109375,0.7296600341796875,0.6904220581054688,0.10088955190894525
69,product,L9H2,1,L9H2,1.3504257202148438,0.660003662109375,0.8086090087890625,0.6904220581054688,0.2152384109619316
69,product,L10H4 + L8H9,2,L10H4 + L8H9,1.3504257202148438,0.660003662109375,0.8400650024414062,0.6904220581054688,0.2607989391679098
69,product,L10H4 + L9H2,2,L10H4 + L9H2,1.3504257202148438,0.660003662109375,0.9155120849609375,0.6904220581054688,0.3700756947897674
69,product,L8H9 + L9H2,2,L8H9 + L9H2,1.3504257202148438,0.660003662109375,0.881988525390625,0.6904220581054688,0.32152052599591135
69,product,L10H4 + L8H9 + L9H2,3,L10H4 + L8H9 + L9H2,1.3504257202148438,0.660003662109375,0.9894027709960938,0.6904220581054688,0.47709818222001216
71,book,L10H4,1,L10H4,1.3260879516601562,0.5878372192382812,0.776763916015625,0.738250732421875,0.2559112893224753
71,book,L8H9,1,L8H9,1.3260879516601562,0.5878372192382812,0.7654266357421875,0.738250732421875,0.24055433839031046
71,book,L9H2,1,L9H2,1.3260879516601562,0.5878372192382812,0.732086181640625,0.738250732421875,0.19539291472035053
71,book,L10H4 + L8H9,2,L10H4 + L8H9,1.3260879516601562,0.5878372192382812,0.9516372680664062,0.738250732421875,0.49278657351907734
71,book,L10H4 + L9H2,2,L10H4 + L9H2,1.3260879516601562,0.5878372192382812,0.9214401245117188,0.738250732421875,0.45188293166880245
71,book,L8H9 + L9H2,2,L8H9 + L9H2,1.3260879516601562,0.5878372192382812,0.9118576049804688,0.738250732421875,0.4389028977718986
71,book,L10H4 + L8H9 + L9H2,3,L10H4 + L8H9 + L9H2,1.3260879516601562,0.5878372192382812,1.0970230102539062,0.738250732421875,0.6897193171014013
72,book,L10H4,1,L10H4,1.1584014892578125,0.29952239990234375,0.40215301513671875,0.8588790893554688,0.11949367088607595
72,book,L8H9,1,L8H9,1.1584014892578125,0.29952239990234375,0.43029022216796875,0.8588790893554688,0.15225405285365312
72,book,L9H2,1,L9H2,1.1584014892578125,0.29952239990234375,0.43494415283203125,0.8588790893554688,0.15767266266933155
72,book,L10H4 + L8H9,2,L10H4 + L8H9,1.1584014892578125,0.29952239990234375,0.53192138671875,0.8588790893554688,0.27058405507439487
72,book,L10H4 + L9H2,2,L10H4 + L9H2,1.1584014892578125,0.29952239990234375,0.5364913940429688,0.8588790893554688,0.27590495225405287
72,book,L8H9 + L9H2,2,L8H9 + L9H2,1.1584014892578125,0.29952239990234375,0.5661849975585938,0.8588790893554688,0.3104774594714635
72,book,L10H4 + L8H9 + L9H2,3,L10H4 + L8H9 + L9H2,1.1584014892578125,0.29952239990234375,0.666046142578125,0.8588790893554688,0.4267466133688652
75,book,L10H4,1,L10H4,1.1533355712890625,0.0473175048828125,0.156158447265625,1.10601806640625,0.09840792450747751
75,book,L8H9,1,L8H9,1.1533355712890625,0.0473175048828125,0.25360107421875,1.10601806640625,0.18651012637271674
75,book,L9H2,1,L9H2,1.1533355712890625,0.0473175048828125,0.14984130859375,1.10601806640625,0.0926963191876828
75,book,L10H4 + L8H9,2,L10H4 + L8H9,1.1533355712890625,0.0473175048828125,0.3629608154296875,1.10601806640625,0.2853871199161194
75,book,L10H4 + L9H2,2,L10H4 + L9H2,1.1533355712890625,0.0473175048828125,0.2606201171875,1.10601806640625,0.19285635450582198
75,book,L8H9 + L9H2,2,L8H9 + L9H2,1.1533355712890625,0.0473175048828125,0.3599700927734375,1.10601806640625,0.282683074885492
75,book,L10H4 + L8H9 + L9H2,3,L10H4 + L8H9 + L9H2,1.1533355712890625,0.0473175048828125,0.4709625244140625,1.10601806640625,0.3830362562772474
76,book,L10H4,1,L10H4,1.25390625,0.6698150634765625,0.7558975219726562,0.5840911865234375,0.14737845816243894
76,book,L8H9,1,L8H9,1.25390625,0.6698150634765625,0.7725296020507812,0.5840911865234375,0.17585360119125368
76,book,L9H2,1,L9H2,1.25390625,0.6698150634765625,0.72760009765625,0.5840911865234375,0.0989315290368087
76,book,L10H4 + L8H9,2,L10H4 + L8H9,1.25390625,0.6698150634765625,0.8577346801757812,0.5840911865234375,0.32172993024896157
76,book,L10H4 + L9H2,2,L10H4 + L9H2,1.25390625,0.6698150634765625,0.8142547607421875,0.5840911865234375,0.2472896366153766
76,book,L8H9 + L9H2,2,L8H9 + L9H2,1.25390625,0.6698150634765625,0.8304443359375,0.5840911865234375,0.2750071840957183
76,book,L10H4 + L8H9 + L9H2,3,L10H4 + L8H9 + L9H2,1.25390625,0.6698150634765625,0.9162368774414062,0.5840911865234375,0.4218892865539852
77,book,L10H4,1,L10H4,1.019439697265625,-0.05596160888671875,0.08502960205078125,1.0754013061523438,0.13110567202298606
77,book,L8H9,1,L8H9,1.019439697265625,-0.05596160888671875,0.087158203125,1.0754013061523438,0.1330850271363201
77,book,L9H2,1,L9H2,1.019439697265625,-0.05596160888671875,0.0223846435546875,1.0754013061523438,0.07285303820368202
77,book,L10H4 + L8H9,2,L10H4 + L8H9,1.019439697265625,-0.05596160888671875,0.228363037109375,1.0754013061523438,0.2643893441169167
77,book,L10H4 + L9H2,2,L10H4 + L9H2,1.019439697265625,-0.05596160888671875,0.164306640625,1.0754013061523438,0.2048242346848285
77,book,L8H9 + L9H2,2,L8H9 + L9H2,1.019439697265625,-0.05596160888671875,0.163543701171875,1.0754013061523438,0.20411478840764782
77,book,L10H4 + L8H9 + L9H2,3,L10H4 + L8H9 + L9H2,1.019439697265625,-0.05596160888671875,0.3052825927734375,1.0754013061523438,0.3359157177822709
80,book,L10H4,1,L10H4,1.2789154052734375,0.5390396118164062,0.6373443603515625,0.7398757934570312,0.1328665559875022
80,book,L8H9,1,L8H9,1.2789154052734375,0.5390396118164062,0.6570358276367188,0.7398757934570312,0.15948111407859594
80,book,L9H2,1,L9H2,1.2789154052734375,0.5390396118164062,0.6916351318359375,0.7398757934570312,0.2062447796900296
80,book,L10H4 + L8H9,2,L10H4 + L8H9,1.2789154052734375,0.5390396118164062,0.7537384033203125,0.7398757934570312,0.2901822081524485
80,book,L10H4 + L9H2,2,L10H4 + L9H2,1.2789154052734375,0.5390396118164062,0.78936767578125,0.7398757934570312,0.3383379564226569
80,book,L8H9 + L9H2,2,L8H9 + L9H2,1.2789154052734375,0.5390396118164062,0.8070449829101562,0.7398757934570312,0.3622302195365911
80,book,L10H4 + L8H9 + L9H2,3,L10H4 + L8H9 + L9H2,1.2789154052734375,0.5390396118164062,0.9028472900390625,0.7398757934570312,0.49171453024944056
81,general,L10H4,1,L10H4,1.6487503051757812,0.7117919921875,0.8796920776367188,0.9369583129882812,0.17919696439186053
81,general,L8H9,1,L8H9,1.6487503051757812,0.7117919921875,0.8905792236328125,0.9369583129882812,0.1908166339600518
81,general,L9H2,1,L9H2,1.6487503051757812,0.7117919921875,0.9322433471679688,0.9369583129882812,0.23528405898590493
81,general,L10H4 + L8H9,2,L10H4 + L8H9,1.6487503051757812,0.7117919921875,1.0576019287109375,0.9369583129882812,0.36907718489687236
81,general,L10H4 + L9H2,2,L10H4 + L9H2,1.6487503051757812,0.7117919921875,1.1012725830078125,0.9369583129882812,0.41568614678077337
81,general,L8H9 + L9H2,2,L8H9 + L9H2,1.6487503051757812,0.7117919921875,1.101104736328125,0.9369583129882812,0.41550700681546143
81,general,L10H4 + L8H9 + L9H2,3,L10H4 + L8H9 + L9H2,1.6487503051757812,0.7117919921875,1.268402099609375,0.9369583129882812,0.594060695877338
82,general,L10H4,1,L10H4,1.71795654296875,0.6558761596679688,0.7382354736328125,1.0620803833007812,0.07754527365328391
82,general,L8H9,1,L8H9,1.71795654296875,0.6558761596679688,0.8591995239257812,1.0620803833007812,0.19143877191848227
82,general,L9H2,1,L9H2,1.71795654296875,0.6558761596679688,0.7677459716796875,1.0620803833007812,0.10533083349496082
82,general,L10H4 + L8H9,2,L10H4 + L8H9,1.71795654296875,0.6558761596679688,0.93865966796875,1.0620803833007812,0.266254337004073
82,general,L10H4 + L9H2,2,L10H4 + L9H2,1.71795654296875,0.6558761596679688,0.849365234375,1.0620803833007812,0.18217931311912305
82,general,L8H9 + L9H2,2,L8H9 + L9H2,1.71795654296875,0.6558761596679688,0.96868896484375,1.0620803833007812,0.294528371010495
82,general,L10H4 + L8H9 + L9H2,3,L10H4 + L8H9 + L9H2,1.71795654296875,0.6558761596679688,1.0470428466796875,1.0620803833007812,0.3683023367742028
83,general,L10H4,1,L10H4,1.831207275390625,0.51190185546875,0.659881591796875,1.319305419921875,0.11216488168212625
83,general,L8H9,1,L8H9,1.831207275390625,0.51190185546875,0.7256546020507812,1.319305419921875,0.16201915292267124
83,general,L9H2,1,L9H2,1.831207275390625,0.51190185546875,0.6332778930664062,1.319305419921875,0.09199995373690176
83,general,L10H4 + L8H9,2,L10H4 + L8H9,1.831207275390625,0.51190185546875,0.8713607788085938,1.319305419921875,0.27246073419536904
83,general,L10H4 + L9H2,2,L10H4 + L9H2,1.831207275390625,0.51190185546875,0.7792816162109375,1.319305419921875,0.20266706761351808
83,general,L8H9 + L9H2,2,L8H9 + L9H2,1.831207275390625,0.51190185546875,0.8452529907226562,1.319305419921875,0.25267169392334204
83,general,L10H4 + L8H9 + L9H2,3,L10H4 + L8H9 + L9H2,1.831207275390625,0.51190185546875,0.9884262084960938,1.319305419921875,0.3611933566190928
84,general,L10H4,1,L10H4,1.2745513916015625,0.7264862060546875,0.8547897338867188,0.548065185546875,0.23410267832284648
84,general,L8H9,1,L8H9,1.2745513916015625,0.7264862060546875,0.80810546875,0.548065185546875,0.14892254579876385
84,general,L9H2,1,L9H2,1.2745513916015625,0.7264862060546875,0.7539520263671875,0.548065185546875,0.050114148894704606
84,general,L10H4 + L8H9,2,L10H4 + L8H9,1.2745513916015625,0.7264862060546875,0.934417724609375,0.548065185546875,0.3793919483267443
84,general,L10H4 + L9H2,2,L10H4 + L9H2,1.2745513916015625,0.7264862060546875,0.8815994262695312,0.548065185546875,0.2830196558828443
84,general,L8H9 + L9H2,2,L8H9 + L9H2,1.2745513916015625,0.7264862060546875,0.8402862548828125,0.548065185546875,0.20763962358705942
84,general,L10H4 + L8H9 + L9H2,3,L10H4 + L8H9 + L9H2,1.2745513916015625,0.7264862060546875,0.96600341796875,0.548065185546875,0.43702321955565454
89,general,L10H4,1,L10H4,1.4066238403320312,0.29872894287109375,0.576629638671875,1.1078948974609375,0.2508366961863181
89,general,L8H9,1,L8H9,1.4066238403320312,0.29872894287109375,0.3771514892578125,1.1078948974609375,0.07078518600134973
89,general,L9H2,1,L9H2,1.4066238403320312,0.29872894287109375,0.4803009033203125,1.1078948974609375,0.16388915669288084
89,general,L10H4 + L8H9,2,L10H4 + L8H9,1.4066238403320312,0.29872894287109375,0.6300125122070312,1.1078948974609375,0.2990207555745314
89,general,L10H4 + L9H2,2,L10H4 + L9H2,1.4066238403320312,0.29872894287109375,0.7612380981445312,1.1078948974609375,0.41746663544837276
89,general,L8H9 + L9H2,2,L8H9 + L9H2,1.4066238403320312,0.29872894287109375,0.5681304931640625,1.1078948974609375,0.24316525954797746
89,general,L10H4 + L8H9 + L9H2,3,L10H4 + L8H9 + L9H2,1.4066238403320312,0.29872894287109375,0.8215484619140625,1.1078948974609375,0.4719035354717865
90,general,L10H4,1,L10H4,1.2066650390625,-0.15785980224609375,0.082427978515625,1.3645248413085938,0.1760963036270415
90,general,L8H9,1,L8H9,1.2066650390625,-0.15785980224609375,-0.0285797119140625,1.3645248413085938,0.09474366931132619
90,general,L9H2,1,L9H2,1.2066650390625,-0.15785980224609375,-0.01062774658203125,1.3645248413085938,0.10789987196045871
90,general,L10H4 + L8H9,2,L10H4 + L8H9,1.2066650390625,-0.15785980224609375,0.22090911865234375,1.3645248413085938,0.27758301603010327
90,general,L10H4 + L9H2,2,L10H4 + L9H2,1.2066650390625,-0.15785980224609375,0.235565185546875,1.3645248413085938,0.28832380025831555
90,general,L8H9 + L9H2,2,L8H9 + L9H2,1.2066650390625,-0.15785980224609375,0.12146759033203125,1.3645248413085938,0.20470671117298758
90,general,L10H4 + L8H9 + L9H2,3,L10H4 + L8H9 + L9H2,1.2066650390625,-0.15785980224609375,0.3775177001953125,1.3645248413085938,0.39235452974822616
93,general,L10H4,1,L10H4,0.7738494873046875,0.23876953125,0.35434722900390625,0.5350799560546875,0.21600079847149742
93,general,L8H9,1,L8H9,0.7738494873046875,0.23876953125,0.346588134765625,0.5350799560546875,0.2014999857415804
93,general,L9H2,1,L9H2,0.7738494873046875,0.23876953125,0.29876708984375,0.5350799560546875,0.11212821170901417
93,general,L10H4 + L8H9,2,L10H4 + L8H9,0.7738494873046875,0.23876953125,0.46319580078125,0.5350799560546875,0.419425670858642
93,general,L10H4 + L9H2,2,L10H4 + L9H2,0.7738494873046875,0.23876953125,0.4140625,0.5350799560546875,0.327601448655431
93,general,L8H9 + L9H2,2,L8H9 + L9H2,0.7738494873046875,0.23876953125,0.40657806396484375,0.5350799560546875,0.3136139390309978
93,general,L10H4 + L8H9 + L9H2,3,L10H4 + L8H9 + L9H2,0.7738494873046875,0.23876953125,0.52294921875,0.5350799560546875,0.5310976131405595
94,general,L10H4,1,L10H4,1.1710662841796875,0.199127197265625,0.2608795166015625,0.9719390869140625,0.06353517434102077
94,general,L8H9,1,L8H9,1.1710662841796875,0.199127197265625,0.35666656494140625,0.9719390869140625,0.1620876964378228
94,general,L9H2,1,L9H2,1.1710662841796875,0.199127197265625,0.2588348388671875,0.9719390869140625,0.06143146459016908
94,general,L10H4 + L8H9,2,L10H4 + L8H9,1.1710662841796875,0.199127197265625,0.414825439453125,0.9719390869140625,0.22192567938835425
94,general,L10H4 + L9H2,2,L10H4 + L9H2,1.1710662841796875,0.199127197265625,0.319244384765625,0.9719390869140625,0.12358509819928724
94,general,L8H9 + L9H2,2,L8H9 + L9H2,1.1710662841796875,0.199127197265625,0.41522216796875,0.9719390869140625,0.22233386187732546
94,general,L10H4 + L8H9 + L9H2,3,L10H4 + L8H9 + L9H2,1.1710662841796875,0.199127197265625,0.4718780517578125,0.9719390869140625,0.2806254611677159
95,general,L10H4,1,L10H4,0.89178466796875,0.18206787109375,0.30319976806640625,0.709716796875,0.17067638458892329
95,general,L8H9,1,L8H9,0.89178466796875,0.18206787109375,0.2851104736328125,0.709716796875,0.14518833849329205
95,general,L9H2,1,L9H2,0.89178466796875,0.18206787109375,0.269195556640625,0.709716796875,0.1227640178878569
95,general,L10H4 + L8H9,2,L10H4 + L8H9,0.89178466796875,0.18206787109375,0.40350341796875,0.709716796875,0.3120055039559684
95,general,L10H4 + L9H2,2,L10H4 + L9H2,0.89178466796875,0.18206787109375,0.391265869140625,0.709716796875,0.2947626418988648
95,general,L8H9 + L9H2,2,L8H9 + L9H2,0.89178466796875,0.18206787109375,0.3733673095703125,0.709716796875,0.2695433436532508
95,general,L10H4 + L8H9 + L9H2,3,L10H4 + L8H9 + L9H2,0.89178466796875,0.18206787109375,0.49207305908203125,0.709716796875,0.4368012555899553
97,general,L10H4,1,L10H4,0.9970169067382812,0.49837493896484375,0.5320510864257812,0.4986419677734375,0.06753572630741454
97,general,L8H9,1,L8H9,0.9970169067382812,0.49837493896484375,0.531890869140625,0.4986419677734375,0.06721441904587043
97,general,L9H2,1,L9H2,0.9970169067382812,0.49837493896484375,0.5291748046875,0.4986419677734375,0.06176749594540837
97,general,L10H4 + L8H9,2,L10H4 + L8H9,0.9970169067382812,0.49837493896484375,0.565460205078125,0.4986419677734375,0.13453594051225556
97,general,L10H4 + L9H2,2,L10H4 + L9H2,0.9970169067382812,0.49837493896484375,0.5619277954101562,0.4986419677734375,0.12745188041249733
97,general,L8H9 + L9H2,2,L8H9 + L9H2,0.9970169067382812,0.49837493896484375,0.5623703002929688,0.4986419677734375,0.1283393004681906
97,general,L10H4 + L8H9 + L9H2,3,L10H4 + L8H9 + L9H2,0.9970169067382812,0.49837493896484375,0.5948944091796875,0.4986419677734375,0.19356467456164508
99,general,L10H4,1,L10H4,1.1359329223632812,0.47364044189453125,0.6315460205078125,0.66229248046875,0.2384227260160354
99,general,L8H9,1,L8H9,1.1359329223632812,0.47364044189453125,0.5667953491210938,0.66229248046875,0.1406552391484656
99,general,L9H2,1,L9H2,1.1359329223632812,0.47364044189453125,0.4952545166015625,0.66229248046875,0.032635240991613676
99,general,L10H4 + L8H9,2,L10H4 + L8H9,1.1359329223632812,0.47364044189453125,0.7251663208007812,0.66229248046875,0.379780665376463
99,general,L10H4 + L9H2,2,L10H4 + L9H2,1.1359329223632812,0.47364044189453125,0.6535491943359375,0.66229248046875,0.27164547046355175
99,general,L8H9 + L9H2,2,L8H9 + L9H2,1.1359329223632812,0.47364044189453125,0.5919113159179688,0.66229248046875,0.17857801124320338
99,general,L10H4 + L8H9 + L9H2,3,L10H4 + L8H9 + L9H2,1.1359329223632812,0.47364044189453125,0.7506484985351562,0.66229248046875,0.4182563819002857
100,general,L10H4,1,L10H4,0.8566741943359375,0.4051361083984375,0.46474456787109375,0.4515380859375,0.13201203027845362
100,general,L8H9,1,L8H9,0.8566741943359375,0.4051361083984375,0.4849395751953125,0.4515380859375,0.17673695593403624
100,general,L9H2,1,L9H2,0.8566741943359375,0.4051361083984375,0.4604644775390625,0.4515380859375,0.1225331170586645
100,general,L10H4 + L8H9,2,L10H4 + L8H9,0.8566741943359375,0.4051361083984375,0.5431747436523438,0.4515380859375,0.3057076236820762
100,general,L10H4 + L9H2,2,L10H4 + L9H2,0.8566741943359375,0.4051361083984375,0.519683837890625,0.4515380859375,0.25368342795350096
100,general,L8H9 + L9H2,2,L8H9 + L9H2,0.8566741943359375,0.4051361083984375,0.5409698486328125,0.4515380859375,0.30082454717491214
100,general,L10H4 + L8H9 + L9H2,3,L10H4 + L8H9 + L9H2,0.8566741943359375,0.4051361083984375,0.598785400390625,0.4515380859375,0.4288659097053258
