rank,layer,head,head_label,mean_recovery,median_recovery,max_recovery,min_recovery,mean_patched_ld,valid_pairs,total_pairs
1,10,4,L10H4,0.2226420201322467,0.23425350421017582,0.32600751887617024,0.0946504754000495,0.17986183166503905,20,20
2,9,2,L9H2,0.16741063437750542,0.14891856876340967,0.283403260927293,0.06741075558727515,0.11444206237792968,20,20
3,8,9,L8H9,0.1427567378593285,0.15136742192991975,0.21654152757447795,0.05599829710351845,0.07919921875,20,20
4,9,10,L9H10,0.08932920021787075,0.0787268616915794,0.16615983597115672,0.05960211471473182,0.02729339599609375,20,20
5,11,9,L11H9,0.06875829656029311,0.06758203122850276,0.144584974773654,0.02889641962575512,0.006679153442382813,20,20
6,7,5,L7H5,0.06805602207995287,0.06770579871902821,0.09818450184501845,0.03880638656741024,0.009418106079101563,20,20
7,9,3,L9H3,0.06674584905245651,0.0647287708517811,0.10451660516605166,0.03276860162515269,0.007735061645507813,20,20
8,6,7,L6H7,0.06396862920212978,0.05769058797288304,0.14736588844874846,0.006239089944791988,0.004624176025390625,20,20
9,8,4,L8H4,0.05242164912425051,0.05829343569158546,0.09047924937605964,0.005258771063010733,-0.005433273315429687,20,20
10,6,3,L6H3,0.04711726022432634,0.04347490247097283,0.08520918671451942,0.018500112754637556,-0.013643646240234375,20,20
11,8,5,L8H5,0.04594946861254915,0.048800793309290914,0.07442002506292057,0.02228974158183242,-0.013438034057617187,20,20
12,10,9,L10H9,0.04298376572525175,0.04086132485365861,0.07767156443292668,0.02711657067128804,-0.018522262573242188,20,20
13,8,6,L8H6,0.03906608396803368,0.03832059043234584,0.07732648139762639,0.015858351597940773,-0.023160552978515624,20,20
14,10,1,L10H1,0.038618970889981535,0.03557553237493816,0.0633339654845439,0.018182286877991356,-0.022242355346679687,20,20
15,8,11,L8H11,0.03488305093112026,0.03162646649465484,0.06096823579359055,0.015466973714737448,-0.026493072509765625,20,20
16,7,1,L7H1,0.02787350825212656,0.023471225321371296,0.05745057396026522,0.010998736863813297,-0.033527374267578125,20,20
17,6,4,L6H4,0.02442255465467548,0.02159141087473307,0.06099414509073127,-0.03150165497825067,-0.034630203247070314,20,20
18,9,1,L9H1,0.021674782742134947,0.023577546968679704,0.04284115323753039,-0.0005333527279779871,-0.0411895751953125,20,20
19,10,5,L10H5,0.01631616969661228,0.014474104088301402,0.03700043823092192,0.0013333818199449676,-0.04568634033203125,20,20
20,8,3,L8H3,0.015159920323913315,0.013185997545100678,0.035432073167922226,0.003815186849635237,-0.04685783386230469,20,20
21,6,10,L6H10,0.013932349705950111,0.014437805501444497,0.03357582540570789,-0.016585756257832162,-0.04776611328125,20,20
22,11,8,L11H8,0.012511176820984302,0.012158909054816574,0.02188275188133201,0.005728143360194387,-0.049924468994140624,20,20
23,8,2,L8H2,0.01152835534955151,0.008815325234820606,0.051393316548802595,-0.014739929936846188,-0.051746368408203125,20,20
24,3,5,L3H5,0.011086173920491667,0.009574243344565319,0.0217984225102937,0.00010935429505075326,-0.051434326171875,20,20
25,11,3,L11H3,0.010165760799570683,0.010585313391559152,0.020566797492226924,-0.015611327406693468,-0.050623321533203126,20,20
26,2,1,L2H1,0.00893100203222556,0.008499295122778491,0.022465346008816188,-0.0034114111067429266,-0.05342864990234375,20,20
27,11,7,L11H7,0.00891680308776037,0.00478357823470366,0.028443920266748204,-0.0014095940959409595,-0.05363273620605469,20,20
28,11,10,L11H10,0.008569225639502558,0.008698013913373345,0.01604609278863001,0.0017526156460778586,-0.05375213623046875,20,20
29,4,6,L4H6,0.008324536361364297,0.0071728680382428574,0.01821894453035169,-0.001082774667680328,-0.05336341857910156,20,20
30,9,9,L9H9,0.00787784128975468,0.0068183241774266,0.017260608635615276,0.002257364970261119,-0.05451393127441406,20,20
31,10,6,L10H6,0.007698083280591854,0.008143260815357378,0.03446810770619789,-0.00951412824218936,-0.054816818237304686,20,20
32,7,8,L7H8,0.007524212767319615,0.009092126880542978,0.027291288853943413,-0.022496371552975326,-0.053884124755859374,20,20
33,4,9,L4H9,0.00724419011526793,0.006080152928965854,0.03472283869985923,-0.0052986845439675625,-0.055504226684570314,20,20
34,4,1,L4H1,0.006826078684738453,0.007003964899581263,0.022570244127130355,-0.007913470177621122,-0.054810714721679685,20,20
35,11,11,L11H11,0.0061363522390474445,0.007156708666680256,0.011461285046190707,-0.006916209866875489,-0.05592193603515625,20,20
36,10,0,L10H0,0.0058867534478197776,0.0020384405501584525,0.03829409280857322,-0.01490844410837193,-0.056549072265625,20,20
37,2,10,L2H10,0.004983589473777089,0.005884722269421591,0.01302785265049416,-0.008632602169665974,-0.057564163208007814,20,20
38,5,9,L5H9,0.004797600088557938,0.004271572927797824,0.012794726256041954,-0.004476684463495365,-0.057489776611328126,20,20
39,1,7,L1H7,0.004749996434390781,0.0011487363385586811,0.02384091233977668,-0.008227270925022798,-0.05857658386230469,20,20
40,8,0,L8H0,0.00466319854382913,0.005491449867533436,0.015876394635876083,-0.007061073098808948,-0.057275009155273435,20,20
41,6,2,L6H2,0.004365603135706461,0.002752591435565768,0.02000668247642797,-0.012339416382382408,-0.05753173828125,20,20
42,8,7,L8H7,0.0037483616315262245,0.004022547461626516,0.016185591979865417,-0.006493457234970605,-0.058599090576171874,20,20
43,5,2,L5H2,0.003585626066552332,0.0030272407992697208,0.009118232660773846,0.0007665010645848119,-0.05911407470703125,20,20
44,10,11,L10H11,0.003074094563806866,0.003887884438197142,0.011382232081166588,-0.009056772386296262,-0.059215545654296875,20,20
45,4,8,L4H8,0.0030607037382608436,0.0026959440027740523,0.017688318026301445,-0.014203193145415483,-0.058707046508789065,20,20
46,6,1,L6H1,0.00295915505917167,0.0033499583191481104,0.01431884242125828,-0.008165660220521722,-0.05943641662597656,20,20
47,11,6,L11H6,0.0024602247992381943,0.0013836838047665057,0.01193248625071117,-0.005171976870090077,-0.0599761962890625,20,20
48,0,6,L0H6,0.002350135738734856,0.0012046188756054213,0.018790006194507537,-0.006291307076090588,-0.060282135009765626,20,20
49,0,11,L0H11,0.002338129843784331,0.0019655085222914526,0.006455281641937216,-0.0024728171933524855,-0.06038475036621094,20,20
50,9,6,L9H6,0.0022188608976789663,0.0024419359015707175,0.009064996084573219,-0.003359329087183723,-0.060161590576171875,20,20
51,7,7,L7H7,0.0021924247532628975,0.0014270001727833465,0.011218858748671356,-0.003958940607538691,-0.06026763916015625,20,20
52,4,2,L4H2,0.0021752757008533497,0.003228713614401801,0.01675508723891483,-0.016921233902365978,-0.060133743286132815,20,20
53,1,4,L1H4,0.0021015765963006395,0.0011861354162400522,0.010121506979928122,-0.004550580536539652,-0.060784530639648435,20,20
54,5,0,L5H0,0.0018835167413288722,0.002075844300880973,0.008243616834684997,-0.010728824521578126,-0.0603363037109375,20,20
55,9,4,L9H4,0.00172864685595817,0.002038962877108047,0.004915129151291513,-0.005237594004032821,-0.06059532165527344,20,20
56,4,11,L4H11,0.0017074158279633375,0.002026947809061799,0.010394317369116453,-0.017186168129564357,-0.06059951782226562,20,20
57,6,0,L6H0,0.0016906311983757119,0.0016609099061148872,0.01040427122713535,-0.008433414074290135,-0.06056671142578125,20,20
58,1,6,L1H6,0.0016842603055198702,0.0014364599125930894,0.006022624674703914,-0.0028280471256642106,-0.060707473754882814,20,20
59,3,6,L3H6,0.0015803423404054026,0.0017492253868414912,0.01680341902020215,-0.003783544504673053,-0.061513519287109374,20,20
60,0,7,L0H7,0.0015089098919812526,0.0012557579875633017,0.007127186029700835,-0.002027322782039763,-0.06103858947753906,20,20
61,1,5,L1H5,0.0014109747751782798,0.001668230524204836,0.004400211947381758,-0.009168959963476341,-0.06095542907714844,20,20
62,9,11,L9H11,0.001157304677737774,0.0011548798027815094,0.002687490791218506,-0.0009212456210528868,-0.06132774353027344,20,20
63,5,3,L5H3,0.0011354145563052327,0.0017879225994990842,0.014269531982169197,-0.0129100985377855,-0.06081733703613281,20,20
64,0,1,L0H1,0.001124189944423926,-7.68384107666905e-06,0.018020874285062077,-3.4371052699416554e-05,-0.06181488037109375,20,20
65,7,4,L7H4,0.001030228669770669,0.0009167056572334698,0.004425103293156981,-0.0010399097054011896,-0.061508560180664064,20,20
66,2,3,L2H3,0.0010112434867535652,0.0012045013735961165,0.005102863593429631,-0.003858714263044041,-0.06136665344238281,20,20
67,7,11,L7H11,0.0009933892748832903,0.0013482422426342423,0.004585355260630256,-0.002443108223375912,-0.061498260498046874,20,20
68,1,10,L1H10,0.000966297262929617,0.0009176151827802468,0.00937186917428633,-0.004237667978713867,-0.061733245849609375,20,20
69,0,0,L0H0,0.000825592646091555,0.0015877977384016933,0.0057424615968139575,-0.006201412755380264,-0.06136817932128906,20,20
70,5,4,L5H4,0.0006741230341681937,0.0004896451691602325,0.005056030591109459,-0.00461041184675392,-0.06193046569824219,20,20
71,2,2,L2H2,0.0006121006133321475,0.0005505498931134206,0.006302867360785259,-0.002169542954674758,-0.062055206298828124,20,20
72,1,1,L1H1,0.0005584606341345232,0.0010818436857334495,0.0059667795516852125,-0.00990450585266255,-0.062014007568359376,20,20
73,11,2,L11H2,0.0004914962580072132,0.000716446423663224,0.0027723192947049762,-0.0023803756817479473,-0.06205253601074219,20,20
74,7,9,L7H9,0.00048491703064387304,0.0007472892048687935,0.005347510292659374,-0.005056030591109459,-0.06175727844238281,20,20
75,4,10,L4H10,0.00044988409524107626,-0.00011634954591415331,0.0042036021926389975,-0.0012036905606813344,-0.06219940185546875,20,20
76,8,1,L8H1,0.0004131022476012567,0.000324731987958707,0.0024142696040280183,-0.001103070414681746,-0.06218223571777344,20,20
77,3,0,L3H0,0.00040956749464820727,0.00038473979142157903,0.004755684628359099,-0.0013446446470919003,-0.06219749450683594,20,20
78,2,4,L2H4,0.00039727572132905247,0.0013299075165472418,0.006857152402508999,-0.009497439787597194,-0.061890029907226564,20,20
79,3,11,L3H11,0.00035976971157435875,0.0020726810972590665,0.009359068808015323,-0.014290076978970313,-0.061394882202148435,20,20
80,5,8,L5H8,0.0003289502245815643,0.0008811722897970244,0.002563729590166915,-0.004296381587427069,-0.06216011047363281,20,20
81,0,2,L0H2,0.00023749502946952714,0.0001988748783768273,0.0055673214715990516,-0.0032943995208146153,-0.06227035522460937,20,20
82,5,5,L5H5,0.00021567803953190102,0.00018107638195449398,0.0006175301367571949,-0.00017539610286563823,-0.06232872009277344,20,20
83,7,10,L7H10,7.912040930000147e-05,6.91064795792968e-05,0.0004058184216199764,-1.8182479362885923e-05,-0.06249809265136719,20,20
84,4,5,L4H5,5.8423714305546854e-05,0.00012337308666899162,0.004404548697564029,-0.003976886295317554,-0.06265068054199219,20,20
85,0,5,L0H5,5.797893259668634e-05,1.7798269884357837e-05,0.0007101822378349587,-0.00015883352658079068,-0.06252479553222656,20,20
86,7,2,L7H2,2.7730689943125507e-05,7.600506456914137e-06,0.0002316740556649572,-8.736294937317084e-05,-0.062548828125,20,20
87,2,7,L2H7,1.8447151428607617e-05,0.0014364340329950103,0.006161119323105153,-0.013036916794541742,-0.061907958984375,20,20
88,5,1,L5H1,4.472776315931957e-06,1.943883718604047e-05,0.00024211223813650032,-0.0002424330581718123,-0.06256980895996093,20,20
89,5,11,L5H11,3.5115143010181395e-06,-0.0011293786801574717,0.016840601746262125,-0.011464370410764334,-0.06332778930664062,20,20
90,0,8,L0H8,-2.439455427369829e-07,2.518271848830027e-05,0.0006060826454295308,-0.0011667279621574323,-0.06254005432128906,20,20
91,6,9,L6H9,-2.5801649810149952e-05,0.00010809247908229652,0.002840728951339835,-0.0036514847835602553,-0.0626953125,20,20
92,0,4,L0H4,-2.7031376698981584e-05,0.000883897523133816,0.004812501974494792,-0.011058124265671435,-0.0622039794921875,20,20
93,1,0,L1H0,-0.00018623512539534573,-0.0005864348823830847,0.0059261200658134216,-0.010919897712350543,-0.06257858276367187,20,20
94,5,6,L5H6,-0.00019842689182097612,-0.0005998032613732721,0.003430427773131144,-0.0022568761921402465,-0.06276741027832031,20,20
95,3,9,L3H9,-0.0003634439026567212,-0.0009088693610459129,0.007874538745387454,-0.01609323678236719,-0.06228790283203125,20,20
96,1,9,L1H9,-0.000425655812513128,0.0001294990776592601,0.0038542138351533787,-0.008661686936451371,-0.062896728515625,20,20
97,0,10,L0H10,-0.0005017017180750654,-9.513248743803809e-05,0.003466161080439994,-0.0067467312594321075,-0.06299514770507812,20,20
98,11,1,L11H1,-0.0005128563312683002,0.0005320951273412508,0.005272141096150199,-0.010614688090497508,-0.06273460388183594,20,20
99,0,9,L0H9,-0.000552610943126692,-0.001192238065157657,0.009776203561047666,-0.004986968360051835,-0.06325149536132812,20,20
100,1,3,L1H3,-0.0005611723687877076,-0.0002925482907723941,0.0018825025059286604,-0.013163735051297984,-0.06290969848632813,20,20
101,1,2,L1H2,-0.0007122289936128004,-0.0009571880827119944,0.002200105973690879,-0.0015982539505228696,-0.063385009765625,20,20
102,3,7,L3H7,-0.0007504154717042866,-0.0011581596379696907,0.01338361038823092,-0.008776787407547886,-0.06342582702636719,20,20
103,10,2,L10H2,-0.0010278954216788865,-5.0247524537952104e-05,0.009346505522935082,-0.02094132282811528,-0.06346282958984376,20,20
104,2,5,L2H5,-0.0010597525925868756,-0.00041557785088701827,0.003766673577994333,-0.01425437205940167,-0.06346817016601562,20,20
105,2,0,L2H0,-0.0011350323030265704,0.001494000235416488,0.008967394895787902,-0.03367024716878242,-0.06233901977539062,20,20
106,10,10,L10H10,-0.001271857250856695,-0.0009484837697135424,0.006201412755380264,-0.006132841328413284,-0.064154052734375,20,20
107,6,8,L6H8,-0.00134002254387855,0.000385121662031889,0.003065255702461392,-0.00851448240772949,-0.06424789428710938,20,20
108,10,8,L10H8,-0.0013488674553096718,-0.0014320427937521878,0.0011776595478121424,-0.0033831541161708414,-0.06399345397949219,20,20
109,11,4,L11H4,-0.0013975813828784307,-0.001245150147190994,0.0025176796102322624,-0.007717649227083189,-0.06396865844726562,20,20
110,3,3,L3H3,-0.0014228855289973026,0.00031567542410443686,0.00508273065680925,-0.014858876411632967,-0.06333389282226562,20,20
111,3,2,L3H2,-0.001443496466377085,-0.0011559198623223538,0.00413517960366342,-0.008127568275210008,-0.06403694152832032,20,20
112,2,9,L2H9,-0.0014563298709919623,-0.00016392475301690626,0.009229175888882392,-0.02177469468504686,-0.06385383605957032,20,20
113,1,8,L1H8,-0.0015391219085195073,-0.001399384607168071,0.0014750344310523271,-0.0071187118922505024,-0.06398162841796876,20,20
114,2,11,L2H11,-0.001663116443894211,-0.0017620411182341141,0.0035001838864722966,-0.007107800314490383,-0.06430778503417969,20,20
115,5,10,L5H10,-0.0016965431127184954,-8.640323564630182e-05,0.011705325098601194,-0.019686124497824253,-0.06395187377929687,20,20
116,4,4,L4H4,-0.001749358683188548,-0.001025878874688848,0.0030634299138606108,-0.008813868844558863,-0.06447944641113282,20,20
117,9,8,L9H8,-0.0019033245428500037,-0.0019519940709440122,0.0043549843326783156,-0.006413307774447118,-0.06468276977539063,20,20
118,3,8,L3H8,-0.0019043267613253032,-0.0007138554785001047,0.00715322413435621,-0.012547848599882463,-0.06415519714355469,20,20
119,1,11,L1H11,-0.00195859232918413,-0.002382837974800602,0.0012153484729835553,-0.004886079983004939,-0.06465530395507812,20,20
120,5,7,L5H7,-0.0020625299413767504,-0.00020463336641883098,0.04734125524710538,-0.028446804475630572,-0.06425895690917968,20,20
121,11,0,L11H0,-0.002101125789905837,-0.0025792527474086256,0.012565723086727919,-0.012897737525456062,-0.06524124145507812,20,20
122,3,4,L3H4,-0.002174058242484432,-0.0016939931196166373,0.00557650432842955,-0.009883198562443846,-0.06492691040039063,20,20
123,0,3,L0H3,-0.0023370403919774864,-0.00013963834151425577,0.0010970095882274506,-0.03837520449443902,-0.06409988403320313,20,20
124,7,0,L7H0,-0.0026799349988128767,-0.0019459940350728703,0.00027093823929793956,-0.009480037781924574,-0.06509056091308593,20,20
125,2,6,L2H6,-0.003634174772415919,-0.002847848108162344,0.0021543713256210887,-0.013095371078477707,-0.06638832092285156,20,20
126,2,8,L2H8,-0.0036900257282170856,-0.0032922294266877366,0.002895670688431512,-0.012356393445440251,-0.06591949462890626,20,20
127,4,0,L4H0,-0.003925636209751575,-0.003144706038028335,0.0030870596908332756,-0.012895002389930426,-0.06619682312011718,20,20
128,11,5,L11H5,-0.004657439005664841,-0.0055012122728722865,0.008211693324226877,-0.01445728127021166,-0.06765861511230468,20,20
129,6,11,L6H11,-0.004771649252777007,-0.0029324092383961496,0.01339442646399263,-0.06769645448890732,-0.06620216369628906,20,20
130,9,0,L9H0,-0.004833621413710773,-0.004540699662666073,0.00987150367699614,-0.023371806390674314,-0.0679351806640625,20,20
131,4,3,L4H3,-0.0048363506733129545,-0.006508460823223344,0.010284960622931277,-0.01302107258893,-0.0681884765625,20,20
132,10,3,L10H3,-0.005404063495722581,-0.0049416915177981375,0.002109167606094767,-0.01534331866770438,-0.06771965026855468,20,20
133,3,10,L3H10,-0.006152242490897964,-0.003810623060368304,0.009650869339150063,-0.02216793244463328,-0.06865921020507812,20,20
134,8,8,L8H8,-0.0076795302293539165,-0.011762624563736189,0.03652379630731004,-0.04673252761467541,-0.06670989990234374,20,20
135,4,7,L4H7,-0.009587035131857232,-0.01113514543948093,-0.0005638590193618069,-0.013924293791177126,-0.07245826721191406,20,20
136,7,3,L7H3,-0.011630637034149795,-0.010605759268700402,-0.004288064765066469,-0.02783247859647645,-0.07491569519042969,20,20
137,3,1,L3H1,-0.012934135351318734,-0.014122648519592777,0.009067505358071349,-0.022346015732774508,-0.07646560668945312,20,20
138,10,7,L10H7,-0.02191356274123438,-0.02261625570074434,-0.004264680188694229,-0.0524297626002443,-0.08627586364746094,20,20
139,6,6,L6H6,-0.02466440133850459,-0.023478140936027736,0.04159638821604758,-0.08110709160744821,-0.09011497497558593,20,20
140,9,5,L9H5,-0.04413190208182127,-0.04310931907010899,-0.022527799530148787,-0.07501106665887128,-0.10764083862304688,20,20
141,6,5,L6H5,-0.04785060772611495,-0.04223113317000248,-0.01921840155684922,-0.12487862722015519,-0.11063499450683593,20,20
142,8,10,L8H10,-0.06054450404241722,-0.0617301353343786,-0.03817090575462562,-0.10002589180566111,-0.12490577697753906,20,20
143,7,6,L7H6,-0.0965853996860711,-0.08701032253117472,-0.06046989451177242,-0.14821145011333745,-0.1654510498046875,20,20
144,9,7,L9H7,-0.10544942261060253,-0.11086635943556507,-0.05361172993200251,-0.17475595244363476,-0.17226333618164064,20,20
